region,pref,city,stationNo,lat,lon,T1,T2,T3,T4,T5,T6,T7,T8,T9,T10,T11,T12,P1,P2,P3,P4,P5,P6,P7,P8,P9,P10,P11,P12,source,period,note
北海道,北海道,札幌,47412,43.06,141.3283,-3.2,-2.7,1.1,7.3,13,17,21.1,22.3,18.6,12.1,5.2,-0.9,108.4,91.9,77.6,54.6,55.5,60.4,90.7,126.8,142.2,109.9,113.8,114.5,気象庁 平年値(1991-2020),1991-2020,
東北,青森県,青森,47575,40.8217,140.7683,-0.9,-0.4,2.8,8.5,13.7,17.6,21.8,23.5,19.9,13.5,7.2,1.4,139.9,99,75.2,68.7,76.7,75,129.5,142,133,119.2,137.4,155.2,気象庁 平年値(1991-2020),1991-2020,
東北,岩手県,盛岡,47584,39.6983,141.165,-1.6,-0.9,2.6,8.7,14.5,18.8,22.4,23.5,19.3,12.6,6.2,0.8,49.4,48,82.1,85.4,106.5,109.4,197.5,185.4,151.7,108.7,85.6,70.2,気象庁 平年値(1991-2020),1991-2020,
東北,宮城県,仙台,47590,38.2617,140.8967,2,2.4,5.5,10.7,15.6,19.2,22.9,24.4,21.2,15.7,9.8,4.5,42.3,33.9,74.4,90.2,110.2,143.7,178.4,157.8,192.6,150.6,58.7,44.1,気象庁 平年値(1991-2020),1991-2020,
東北,秋田県,秋田,47582,39.7167,140.0983,0.4,0.8,4,9.6,15.2,19.6,23.4,25,21,14.5,8.3,2.8,118.9,98.5,99.5,109.9,125,122.9,197,184.6,161,175.5,189.1,159.8,気象庁 平年値(1991-2020),1991-2020,
東北,山形県,山形,47588,38.255,140.345,-0.1,0.4,4,10.2,16.2,20.3,23.9,25,20.6,14.1,7.7,2.4,87.8,63,72.1,63.9,74.5,104.8,187.2,153,123.8,105.1,74.4,97.2,気象庁 平年値(1991-2020),1991-2020,
東北,福島県,福島,47595,37.7583,140.47,1.9,2.5,5.9,11.7,17.2,20.7,24.3,25.5,21.6,15.6,9.5,4.3,56.2,41.1,75.7,81.8,88.5,121.2,177.7,151.3,167.6,138.7,58.4,48.9,気象庁 平年値(1991-2020),1991-2020,
関東,茨城県,水戸,47629,36.38,140.4667,3.3,4.1,7.4,12.3,17,20.3,24.2,25.6,22.1,16.6,10.8,5.6,54.5,53.8,102.8,116.7,144.5,135.7,141.8,116.9,186.3,185.4,79.7,49.6,気象庁 平年値(1991-2020),1991-2020,
関東,栃木県,宇都宮,47615,36.5483,139.8683,2.8,3.8,7.4,12.8,17.8,21.2,24.8,26,22.4,16.7,10.6,5.1,37.5,38.5,87.7,121.5,149.2,175.2,215.4,198.5,217.2,174.4,71.1,38.5,気象庁 平年値(1991-2020),1991-2020,
関東,群馬県,前橋,47624,36.405,139.06,3.7,4.5,7.9,13.4,18.6,22.1,25.8,26.8,22.9,17.1,11.2,6.1,29.7,26.5,58.3,74.8,99.4,147.8,202.1,195.6,204.3,142.2,43,23.8,気象庁 平年値(1991-2020),1991-2020,
関東,埼玉県,熊谷,47626,36.15,139.38,4.3,5.1,8.6,13.9,18.8,22.3,26,27.1,23.3,17.6,11.7,6.5,36.5,32.3,69,90.7,115.1,149.5,169.8,183.3,198.2,177.1,53.5,30.9,気象庁 平年値(1991-2020),1991-2020,さいたま市に気象官署が無いため熊谷を使用（通例の代替地点）
関東,千葉県,千葉,47682,35.6017,140.1033,6.1,6.6,9.6,14.5,18.9,21.9,25.7,27.1,23.8,18.6,13.4,8.6,67.5,59.1,111.3,110.4,122.3,150.9,136.5,115.7,204.7,225.7,94.1,56.8,気象庁 平年値(1991-2020),1991-2020,
関東,東京都,東京,47662,35.6917,139.75,5.4,6.1,9.4,14.3,18.8,21.9,25.7,26.9,23.3,18,12.5,7.7,59.7,56.5,116,133.7,139.7,167.8,156.2,154.7,224.9,234.8,96.3,57.9,気象庁 平年値(1991-2020),1991-2020,
関東,神奈川県,横浜,47670,35.4383,139.6517,6.1,6.7,9.7,14.5,18.8,21.8,25.6,27,23.7,18.5,13.4,8.7,64.7,64.7,139.5,143.1,152.6,188.8,182.5,139,241.5,240.4,107.6,66.4,気象庁 平年値(1991-2020),1991-2020,
中部,新潟県,新潟,47604,37.8933,139.0183,2.5,3.1,6.2,11.3,16.7,20.9,24.9,26.5,22.5,16.7,10.5,5.3,180.9,115.8,112,97.2,94.4,121.1,222.3,163.4,151.9,157.7,203.5,225.9,気象庁 平年値(1991-2020),1991-2020,
中部,富山県,富山,47607,36.7083,137.2017,3,3.4,6.9,12.3,17.5,21.4,25.5,26.9,22.8,17,11.2,5.7,259,171.7,164.6,134.5,122.8,172.6,245.6,207,218.1,171.9,224.8,281.6,気象庁 平年値(1991-2020),1991-2020,
中部,石川県,金沢,47605,36.5883,136.6333,4,4.2,7.3,12.6,17.7,21.6,25.8,27.3,23.2,17.6,11.9,6.8,256,162.6,157.2,143.9,138,170.3,233.4,179.3,231.9,177.1,250.8,301.1,気象庁 平年値(1991-2020),1991-2020,
中部,福井県,福井,47616,36.055,136.2217,3.2,3.7,7.2,12.8,18.1,22,26.1,27.4,23.1,17.1,11.3,5.9,284.9,167.7,160.7,137.2,139.1,152.8,239.8,150.7,212.9,153.8,196.1,304,気象庁 平年値(1991-2020),1991-2020,
中部,山梨県,甲府,47638,35.6667,138.5533,3.1,4.7,8.6,14,18.8,22.3,26,27.1,23.2,17.1,10.8,5.4,42.7,44.1,86.2,79.5,85.4,113.4,148.8,133.1,178.7,158.5,52.7,37.6,気象庁 平年値(1991-2020),1991-2020,
中部,長野県,長野,47610,36.6617,138.1917,-0.4,0.4,4.3,10.6,16.4,20.4,24.3,25.4,21,14.4,7.9,2.3,54.6,49.1,60.1,56.9,69.3,106.1,137.7,111.8,125.5,100.3,44.4,49.4,気象庁 平年値(1991-2020),1991-2020,
中部,岐阜県,岐阜,47632,35.4,136.7617,4.6,5.4,9,14.5,19.4,23.2,27,28.3,24.5,18.7,12.5,7,65.9,77.5,132.4,162.4,192.6,223.7,270.9,169.5,242.7,161.6,87.1,74.5,気象庁 平年値(1991-2020),1991-2020,
中部,静岡県,静岡,47656,34.975,138.4033,6.9,7.7,10.7,15.2,19.2,22.4,26.1,27.4,24.5,19.4,14.3,9.3,79.6,105.3,207.1,222.2,215.3,268.9,296.6,186.5,280.6,250.3,134.2,80.7,気象庁 平年値(1991-2020),1991-2020,
中部,愛知県,名古屋,47636,35.1667,136.965,4.8,5.5,9.2,14.6,19.4,23,26.9,28.2,24.5,18.6,12.6,7.2,50.8,64.7,116.2,127.5,150.3,186.5,211.4,139.5,231.6,164.7,79.1,56.6,気象庁 平年値(1991-2020),1991-2020,
近畿,三重県,津,47651,34.7333,136.5183,5.7,5.9,9,14.2,19,22.7,26.8,27.9,24.4,18.8,13.2,8.1,48.5,57.1,104.5,129,167.3,201.8,173.9,144.5,276.6,186.1,76.4,47.2,気象庁 平年値(1991-2020),1991-2020,
近畿,滋賀県,彦根,47761,35.275,136.2433,3.9,4.2,7.3,12.4,17.6,21.8,26.1,27.5,23.6,17.7,11.7,6.5,112,99.6,114.9,117.3,146.9,175.6,219,124.6,167.7,140.7,85.8,105.9,気象庁 平年値(1991-2020),1991-2020,大津市に気象官署が無いため彦根を使用（通例の代替地点）
近畿,京都府,京都,47759,35.0133,135.7317,4.8,5.4,8.8,14.4,19.5,23.3,27.3,28.5,24.4,18.4,12.5,7.2,53.3,65.1,106.2,117,151.4,199.7,223.6,153.8,178.5,143.2,73.9,57.3,気象庁 平年値(1991-2020),1991-2020,
近畿,大阪府,大阪,47772,34.6817,135.5183,6.2,6.6,9.9,15.2,20.1,23.6,27.7,29,25.2,19.5,13.8,8.7,47,60.5,103.1,101.9,136.5,185.1,174.4,113,152.8,136,72.5,55.5,気象庁 平年値(1991-2020),1991-2020,
近畿,兵庫県,神戸,47770,34.6967,135.2117,6.2,6.5,9.8,15,19.8,23.4,27.1,28.6,25.4,19.8,14.2,8.8,38.4,55.6,94.2,100.6,134.7,176.7,187.9,103.4,157.2,118,62.4,48.7,気象庁 平年値(1991-2020),1991-2020,
近畿,奈良県,奈良,47780,34.6733,135.8367,4.5,5.1,8.5,14,19,22.9,26.8,27.8,23.8,17.7,11.8,6.8,52.4,63.1,105.1,98.9,138.5,184.1,173.5,127.9,159,134.7,71.2,56.8,気象庁 平年値(1991-2020),1991-2020,
近畿,和歌山県,和歌山,47777,34.2283,135.1633,6.2,6.7,9.9,15.1,19.7,23.2,27.2,28.4,24.9,19.3,13.8,8.6,48.7,62,96.9,98.4,146.6,183.5,175.8,101.8,181.3,160.8,95.9,62.7,気象庁 平年値(1991-2020),1991-2020,
中国,鳥取県,鳥取,47746,35.4867,134.2383,4.2,4.7,7.9,13.2,18.1,22,26.2,27.3,22.9,17.2,11.9,6.8,201.2,154,144.3,102.2,123,146,188.6,128.6,225.4,153.6,145.9,218.4,気象庁 平年値(1991-2020),1991-2020,
中国,島根県,松江,47741,35.4567,133.065,4.6,5,8,13.1,18,21.7,25.8,27.1,22.9,17.4,12,7,153.3,118.4,134,113,130.3,173,234.1,129.6,204.1,126.1,121.6,154.5,気象庁 平年値(1991-2020),1991-2020,
中国,岡山県,岡山,47768,34.685,133.925,4.6,5.2,8.7,14.1,19.1,22.7,27,28.1,23.9,18,11.6,6.6,36.2,45.4,82.5,90,112.6,169.3,177.4,97.2,142.2,95.4,53.3,41.5,気象庁 平年値(1991-2020),1991-2020,
中国,広島県,広島,47765,34.3983,132.4617,5.4,6.2,9.5,14.8,19.6,23.2,27.2,28.5,24.7,18.8,12.9,7.5,46.2,64,118.3,141,169.8,226.5,279.8,131.4,162.7,109.2,69.3,54,気象庁 平年値(1991-2020),1991-2020,
中国,山口県,山口,47784,34.1617,131.4617,4.4,5.5,9,13.9,19,22.6,26.4,27.4,23.5,17.7,11.9,6.4,76.3,85,145.6,168.1,197.2,282.9,342.6,205.8,179.1,91.3,83.5,70.5,気象庁 平年値(1991-2020),1991-2020,
四国,徳島県,徳島,47895,34.0667,134.5733,6.3,6.8,9.9,15,19.6,23,26.8,28.1,24.8,19.3,13.8,8.7,41.9,53,87.8,104.3,146.6,192.6,177,193,271.2,199.5,89.2,63.9,気象庁 平年値(1991-2020),1991-2020,
四国,香川県,高松,47891,34.3183,134.0533,5.9,6.3,9.4,14.7,19.8,23.3,27.5,28.6,24.7,19,13.2,8.1,39.4,45.8,81.4,74.6,100.9,153.1,159.8,106,167.4,120.1,55,46.7,気象庁 平年値(1991-2020),1991-2020,
四国,愛媛県,松山,47887,33.8433,132.7767,6.2,6.8,9.9,14.8,19.4,22.9,27.1,28.1,24.6,19.1,13.6,8.5,50.9,65.7,105.1,107.3,129.5,228.7,223.5,99,148.9,113,71.3,61.8,気象庁 平年値(1991-2020),1991-2020,
四国,高知県,高知,47893,33.5667,133.5483,6.7,7.8,11.2,15.8,20,23.1,27,27.9,25,19.9,14.2,8.8,59.1,107.8,174.8,225.3,280.4,359.5,357.3,284.1,398.1,207.5,129.6,83.1,気象庁 平年値(1991-2020),1991-2020,
九州・沖縄,福岡県,福岡,47807,33.5817,130.375,6.9,7.8,10.8,15.4,19.9,23.3,27.4,28.4,24.7,19.6,14.2,9.1,74.4,69.8,103.7,118.2,133.7,249.6,299.1,210,175.1,94.5,91.4,67.5,気象庁 平年値(1991-2020),1991-2020,
九州・沖縄,佐賀県,佐賀,47813,33.265,130.305,5.8,7,10.4,15.3,20,23.5,27.2,28.2,24.5,19.1,13.3,7.8,54.1,77.5,120.6,161.7,182.9,327,366.8,252.4,169.3,90.1,89.4,59.5,気象庁 平年値(1991-2020),1991-2020,
九州・沖縄,長崎県,長崎,47817,32.7333,129.8667,7.2,8.1,11.2,15.6,19.7,23,26.9,28.1,24.9,20,14.5,9.4,63.1,84,123.2,153,160.7,335.9,292.7,217.9,186.6,102.1,100.7,74.8,気象庁 平年値(1991-2020),1991-2020,
九州・沖縄,熊本県,熊本,47819,32.8133,130.7067,6,7.4,10.9,15.8,20.5,23.7,27.5,28.4,25.2,19.6,13.5,8,57.2,83.2,124.8,144.9,160.9,448.5,386.8,195.4,172.6,87.1,84.4,61.2,気象庁 平年値(1991-2020),1991-2020,
九州・沖縄,大分県,大分,47815,33.235,131.6183,6.5,7.2,10.2,14.8,19.3,22.6,26.8,27.7,24.2,19.1,13.8,8.7,49.8,64.1,99.2,119.7,133.6,313.6,261.3,165.7,255.2,144.8,72.9,47.1,気象庁 平年値(1991-2020),1991-2020,
九州・沖縄,宮崎県,宮崎,47830,31.9383,131.4133,7.8,8.9,12.1,16.4,20.3,23.2,27.3,27.6,24.7,20,14.7,9.7,72.7,95.8,155.7,194.5,227.6,516.3,339.3,275.5,370.9,196.7,105.7,74.9,気象庁 平年値(1991-2020),1991-2020,
九州・沖縄,鹿児島県,鹿児島,47827,31.555,130.5467,8.7,9.9,12.8,17.1,21,24,28.1,28.8,26.3,21.6,16.2,10.9,78.3,112.7,161,194.9,205.2,570,365.1,224.3,222.9,104.6,102.5,93.2,気象庁 平年値(1991-2020),1991-2020,
九州・沖縄,沖縄県,那覇,47936,26.2067,127.6867,17.3,17.5,19.1,21.5,24.2,27.2,29.1,29,27.9,25.5,22.5,19,101.6,114.5,142.8,161,245.3,284.4,188.1,240,275.2,179.2,119.1,110,気象庁 平年値(1991-2020),1991-2020,
